C,1,,S,,3,A,,5,,S,,S
C_2,1,,2,,3,A,,5,,S,,S
C_2_b6_s4,1,,2,,A,4,,S,6,,,S
C_6,1,,S,,3,A,,5,,6,,S
C_2_6,1,,2,,3,A,,5,,6,,S
C_s2,1,,2,,A,S,,5,,S,,S
C_s4,1,,S,,A,4,,5,,S,,S
C_v46,1,,S,,A,4,,S,,6,S,
C_2_v46,1,,T,,A,4,,S,,6,S,
C_2_s4,1,,2,,A,4,,5,,S,,S
C_aug,1,,S,,3,A,,,L,A,S,
C_M7,1,,S,,3,A,,5,,S,,7
C_M9,1,,T,,3,A,,5,,S,,7
C_M#11,1,,S,,3,,T,5,,S,,7
C_M13,1,,S,,3,A,,5,,T,,7
C_Ion,1,,T,,3,A,,5,,T,,7
C_M7_s2,1,,2,,A,S,,5,,S,,7
C_M#11_s2,1,,2,,A,,T,5,,S,,7
C_M13_s2,1,,2,,A,S,,5,,T,,7
C_M7_s4,1,,S,,A,4,,5,,S,,7
C_M9_b6_s4,1,,T,,A,4,,S,6,,,7
C_M9_s4,1,,T,,A,4,,5,,S,,7
C_M13_s4,1,,S,,A,4,,5,,T,,7
C_M7_aug,1,,S,,3,A,,,L,A,,7
C_M9_aug,1,,T,,3,A,,,L,A,,7
C_(#11),1,,S,,3,,S,5,,S,,S
C_2_(#11),1,,2,,3,,S,5,,S,,S
C_6_(#11),1,,S,,3,,S,5,,6,,S
C_s2_(#11),1,,2,,A,,S,5,,S,,S
C_aug_(#11),1,,S,,3,,S,,L,A,,S
C_M7_(#11),1,,S,,3,,S,5,,S,,7
C_M9_(#11),1,,T,,3,,S,5,,S,,7
C_M13_(#11),1,,S,,3,,S,5,,T,,7
C_M7_s2_(#11),1,,2,,A,,S,5,,S,,7
C_M13_s2_(#11),1,,2,,A,,S,5,,T,,7
C_M7_aug_(#11),1,,S,,3,,S,,L,A,,7
C_M9_aug_(#11),1,,T,,3,,S,,L,A,,7
C_M#11_aug,1,,S,,3,,T,,L,A,,7
C_(7),1,,S,,3,A,,5,,S,S,
C_6_(7),1,,S,,3,A,,5,,6,S,
C_7,1,,S,,3,A,,5,,S,7,
C_9,1,,T,,3,A,,5,,S,7,
C_b9,1,T,,,3,A,,5,,S,7,
C_#9,1,,S,T,3,A,,5,,S,7,
C_b9_#9,1,T,,T,3,A,,5,,S,7,
C_9_s4,1,,T,,A,4,,5,,S,7,
C_#11,1,,S,,3,,T,5,,S,7,
C_13,1,,S,,3,A,,5,,T,7,
C_b13,1,,S,,3,A,,5,T,,7,
C_Mix,1,,T,,3,A,,5,,T,7,
C_Pen,1,,T,,3,A,,5,,T,S,
C_Pen_s4,1,,T,,A,4,,5,,T,S,
C_Hmp5,1,T,,,3,A,,5,T,,7,
C_Alt,1,T,,T,3,,T,S,T,,7,
C_L7,1,,T,,3,,T,5,,T,7,
C_CD,1,T,,T,3,,T,5,,T,7,
C_WT,1,,T,,3,,T,5,T,,7,
C_7_s2,1,,2,,A,S,,5,,S,7,
C_7_s4,1,,S,,A,4,,5,,S,7,
C_b9_s4,1,T,,,A,4,,5,,S,7,
C_#9_s4,1,,S,T,A,4,,5,,S,7,
C_b9_#9_s4,1,T,,T,A,4,,5,,S,7,
C_13_s4,1,,S,,A,4,,5,,T,7,
C_b13_s4,1,,S,,A,4,,5,T,,7,
C_Mix_s4,1,,T,,A,4,,5,,T,7,
C_Hmp5_s4 ,1,T,,,A,4,,5,T,,7,
C_7_aug,1,,S,,3,A,,,L,A,7,
C_9_aug,1,,T,,3,A,,,L,A,7,
C_(b9),1,S,,,3,A,,5,S,,S,
C_s4_(b9),1,S,,,A,4,,5,S,,S,
C_v4b6_(b9),1,S,,,A,4,,S,6,,S,
C_6_(b9),1,S,,,3,A,,5,6,,S,
C_7_(b9),1,S,,,3,A,,5,S,,7,
C_#9_(b9),1,S,,T,3,A,,5,S,,7,
C_#11_(b9),1,S,,,3,,T,5,S,,7,
C_13_(b9),1,S,,,3,A,,5,,T,7,
C_b13_(b9),1,S,,,3,A,,5,T,,7,
C_#9_b13_(b9),1,S,,T,3,,,5,T,,7,
C_7_s4_(b9),1,S,,,A,4,,5,S,,7,
C_#9_s4_(b9),1,S,,T,A,4,,5,S,,7,
C_13_s4_(b9),1,S,,,A,4,,5,,T,7,
C_b13_s4_(b9),1,S,,,A,4,,5,T,,7,
Cm,1,,S,3,,S,,5,,S,,S
Cm_2,1,,2,3,,S,,5,,S,,S
Cm_4,1,,S,3,,4,,5,,S,,S
Cm_6,1,,S,3,,S,,5,,6,,S
Cm_s2,1,,2,A,,S,,5,,S,,S
Cm_s4,1,,S,A,,4,,5,,S,,S
Cm_M7,1,,S,3,,S,,5,,S,,7
Cm_M9,1,,T,3,,S,,5,,S,,7
Cm_M11,1,,S,3,,T,,5,,S,,7
Cm_M7_s2,1,,2,A,,S,,5,,S,,7
Cm_M11_s2,1,,2,A,,T,,5,,S,,7
Cm_M7_s4,1,,S,A,,4,,5,,S,,7
Cm_M9_s4,1,,T,A,,4,,5,,S,,7
Cm_(hm),1,,S,3,,S,,5,A,,,S
Cm_2_(hm),1,,2,3,,S,,5,A,,,S
Cm_4_(hm),1,,S,3,,4,,5,A,,,S
Cm_s2_(hm),1,,2,S,,S,,5,A,,,S
Cm_s4_(hm),1,,S,S,,4,,5,A,,,S
Cm_M7_(hm),1,,S,3,,S,,5,A,,,7
Cm_M9_(hm),1,,T,3,,S,,5,A,,,7
Cm_M11_(hm),1,,S,3,,T,,5,A,,,7
Cm_M7_s2_(hm),1,,2,S,,S,,5,A,,,7
Cm_M11_s2_(hm),1,,2,S,,T,,5,A,,,7
Cm_M7_s4_(hm),1,,S,S,,4,,5,A,,,7
Cm_M9_s4_(hm),1,,T,S,,4,,5,A,,,7
Cm_(b6),1,,S,3,,S,,5,A,,S,
Cm_2_(b6),1,,2,3,,S,,5,A,,S,
Cm_4_(b6),1,,S,3,,4,,5,A,,S,
Cm_6_(7),1,,S,3,,S,,5,,6,S,
Cm_s2_(b6),1,,2,S,,S,,5,A,,S,
Cm_2_s4_(b6),1,,2,S,,4,,5,A,,S,
Cm_s4_(b6),1,,S,S,,4,,5,A,,S,
Cm_7_(b6),1,,S,3,,S,,5,A,,7,
Cm_9_(b6),1,,T,3,,S,,5,A,,7,
Cm_11_(b6),1,,S,3,,T,,5,A,,7,
Cm_13,1,,S,3,,S,,5,,T,7,
Cm_Aeo,1,,T,3,,T,,5,A,,7,
Cm_7_s2,1,,2,S,,S,,5,A,,7,
Cm_11_s2,1,,2,S,,T,,5,A,,7,
Cm_7_s4,1,,S,S,,4,,5,A,,7,
Cm_9_s4,1,,T,S,,4,,5,A,,7,
Cm_(7),1,,S,3,,S,,5,,S,S,
Cm_2_(7),1,,2,3,,S,,5,,A,S,
Cm_4_(7),1,,S,3,,4,,5,,A,S,
Cm_s2_(7),1,,2,S,,S,,5,,A,S,
Cm_s4_(7),1,,S,S,,4,,5,,A,S,
Cm_2_s4_(7),1,,T,S,,4,,5,,A,S,
Cm_aug_(7),1,,S,3,,S,,,L,A,S,
Cm_7,1,,S,3,,S,,5,,A,7,
Cm_9,1,,T,3,,S,,5,,A,7,
Cm_11,1,,S,3,,T,,5,,A,7,
Cm_13,1,,S,3,,S,,5,,T,7,
Cm_7_s2,1,,T,2,,S,,5,,A,7,
Cm_11_s2,1,,T,2,,T,,5,,A,7,
Cm_7_s4,1,,S,S,,4,,5,,A,7,
Cm_9_s4,1,,T,S,,4,,5,,A,7,
Cm_7_aug,1,,S,3,,S,,,L,A,7,
Cm_9_aug,1,,T,3,,S,,,L,A,7,
Cm_11_aug,1,,S,3,,T,,,L,A,7,
Cm_(dor),1,,S,3,,S,,5,,S,1,
Cm_(phr),1,A,,3,,S,,5,S,,S,
Cm_4_(phr),1,A,,3,,4,,5,S,,S,
Cm_s4_(phr),1,A,,S,,4,,5,S,,S,
Cm_7_(phr),1,A,,3,,S,,5,S,,7,
Cm_11_(phr),1,A,,3,,T,,5,S,,7,
Cm_b13_(phr),1,A,,3,,S,,5,T,,7,
Cm_7_s4_(phr),1,A,,S,,4,,5,S,,7,
C#hdim,,1,A,,3,,S,5,,S,,7
C#hdim_s4,,1,A,,S,,4,5,,S,,7
C#hdim_(6),,1,S,,3,,S,5,,,A,7
C#m_b9_b5,,1,T,,3,,S,5,,,A,7
C#dim,,1,A,,3,S,,5,,S,7,
Db,S,1,,S,,3,,S,5,,S,
Db_2,S,1,,2,,3,,S,5,,S,
Db_#4,S,1,,2,,3,,4,5,,S,
Db_6,S,1,,S,,3,,S,5,,6,
Db_2_6,S,1,,2,,3,,S,5,,6,
Db_s6,S,1,,S,,3,,S,S,,6,
Db_s2,S,1,,2,,A,,S,5,,S,
Db_6_s2,S,1,,2,,A,,S,5,,6,
Db_6_s#4,S,1,,S,,A,,4,5,,6,
Db_s#4,S,1,,S,,A,,4,5,,S,
Db_aug,S,1,,S,,3,,S,,L,A,
Db_M7,7,1,,S,,3,,S,5,,S,
Db_M9,7,1,,T,,3,,S,5,,S,
Db_M#11,7,1,,S,,3,,T,5,,S,
Db_M13,7,1,,S,,3,,S,5,,T,
Db_M9_#11,7,1,,T,,3,,T,5,,S,
Db_M#11_13,7,1,,S,,3,,T,5,,T,
Db_M7_s2,7,1,,2,,A,,S,5,,S,
Db_M#11_s2,7,1,,2,,A,,T,5,,S,
Db_M13_s2,7,1,,2,,A,,S,5,,T,
Db_M7_s#4,7,1,,S,,A,,4,5,,S,
Db_M9_s#4,7,1,,T,,A,,4,5,,S,
Db_M13_s#4,7,1,,S,,A,,4,5,,T,
Db_Pen,S,1,,T,,3,,S,5,,T,
Db_M7_aug,7,1,,S,,3,,S,,L,A,
Db_M9_aug,7,1,,T,,3,,S,,L,A,
Db_Gr,A,1,,S,,3,,S,5,,,L
Db_Gr_9,A,1,,T,,3,,S,5,,,L
Db_Gr_#11,A,1,,S,,3,,T,5,,,L
Db_Gr_13,,1,,S,,3,,T,5,,T,L
Db_Fr,A,1,,S,,3,,5,S,,,L
D,S,,1,,S,,3,A,,5,,S
D_2,S,,1,,2,,3,A,,5,,S
D_s4,S,,1,,S,,A,4,,5,,S
D_v46,S,,1,,S,,A,4,,S,,6
D_2_v46,S,,1,,T,,A,4,,S,,6
D_6,S,,1,,S,,3,A,,5,,6
D_7,7,,1,,S,,3,A,,5,,S
D_M7,,7,1,,S,,3,A,,5,,S
D_M9,,7,1,,T,,3,A,,5,,S
D_9,7,,1,,T,,3,A,,5,,S
D_b9,7,,1,T,,,3,A,,5,,S
D_#9,7,,1,S,,T,3,A,,5,,S
D_b9,7,,1,T,,T,3,A,,5,,S
D_b9_#9,7,,1,T,,T,3,A,,5,,S
D_9_s4,T,,1,,T,,A,4,,5,,S
D_#11,7,,1,,S,,3,,T,5,,S
D_13,7,,1,,S,,3,A,,5,,T
D_b13,7,,1,,S,,3,A,,5,T,
D_aug,S,,1,,S,,3,A,,,L,A
D_Mix,7,,1,,T,,3,A,,5,,T
D_Pen,S,,1,,T,,3,A,,5,,T
D_Hmp5,7,,1,T,,,3,A,,5,T,
D_Alt,7,,1,T,,T,3,,T,S,T,
D_L7,7,,1,,T,,3,,T,5,,T
D_CD,7,,1,T,,T,3,,T,5,,T
D_WT,7,,1,,T,,3,,T,S,T,
D_7_s2,7,,1,,2,,A,S,,5,,S
D_7_s4,7,,1,,S,,A,4,,5,,S
D_b9_s4,7,,1,T,,,A,4,,5,,S
D_#9_s4,7,,1,S,,T,A,4,,5,,S
D_b9_#9_s4,7,,1,T,,T,A,4,,5,,S
D_13_s4,7,,1,,S,,A,4,,5,,T
D_b13_s4,7,,1,,S,,A,4,,5,T,
D_Mix_s4,7,,1,,T,,A,4,,5,,T
D_Hmp5_s4 ,7,,1,T,,,A,4,,5,T,
D_7_aug,7,,1,,S,,3,A,,,L,A
D_9_aug,7,,1,,T,,3,A,,,L,A
D_(M7),,S,1,,S,,3,A,,5,,S
D_2_(M7),,S,1,,2,,3,A,,5,,S
D_2_b6_s4_(M7),,S,1,,2,,A,4,,S,6,
D_6_(M7),,S,1,,S,,3,A,,5,,6
D_2_6_(M7),,S,1,,2,,3,A,,5,,6
D_s2_(M7),,S,1,,2,,A,S,,5,,S
D_s4_(M7),,S,1,,S,,A,4,,5,,S
D_2_s4_(M7),,S,1,,2,,A,4,,5,,S
D_M7,,7,1,,S,,3,A,,5,,S
D_M9,,7,1,,T,,3,A,,5,,S
D_M#11,,7,1,,S,,3,,T,5,,S
D_M13,,7,1,,S,,3,A,,5,,T
D_Ion,,7,1,,T,,3,A,,5,,T
D_M7_s2,,7,1,,2,,A,S,,5,,S
D_M#11_s2,,7,1,,2,,A,,T,5,,S
D_M13_s2,,7,1,,2,,A,S,,5,,T
D_M7_s4,,7,1,,S,,A,4,,5,,S
D_M9_b6_s4,,7,1,,T,,A,4,,S,6,
D_M9_s4,,7,1,,T,,A,4,,5,,S
D_M13_s4,,7,1,,S,,A,4,,5,,T
D_M7_aug,,7,1,,S,,3,A,,,L,A
D_M9_aug,,7,1,,T,,3,A,,,L,A
Dm,S,,1,,S,3,,S,,5,,A
Dm_2,S,,1,,2,3,,S,,5,,A
Dm_4,S,,1,,S,3,,4,,5,,A
Dm_s2,S,,1,,2,S,,S,,5,,A
Dm_s4,S,,1,,S,S,,4,,5,,A
Dm_2_s4,S,,1,,T,S,,4,,5,,A
Dm_aug,S,,1,,S,3,,S,,,L,A
Dm_M7,,7,1,,S,3,,S,,5,,S
Dm_7,7,,1,,S,3,,S,,5,,A
Dm_9,7,,1,,T,3,,S,,5,,A
Dm_11,7,,1,,S,3,,T,,5,,A
Dm_13,7,,1,,S,3,,S,,5,,T
Dm_7_s2,7,,1,,T,2,,S,,5,,A
Dm_11_s2,7,,1,,T,2,,T,,5,,A
Dm_7_s4,7,,1,,S,S,,4,,5,,A
Dm_9_s4,7,,1,,T,S,,4,,5,,A
Dm_7_aug,7,,1,,S,3,,S,,,L,A
Dm_9_aug,7,,1,,T,3,,S,,,L,A
Dm_11_aug,7,,1,,S,3,,T,,,L,A
Dm_(b6),S,,1,,S,3,,S,,5,A,
Dm_2_(b6),S,,1,,2,3,,S,,5,A,
Dm_4_(b6),S,,1,,S,3,,4,,5,A,
Dm_s2_(b6),S,,1,,2,S,,S,,5,A,
Dm_2_s4_(b6),S,,1,,2,S,,4,,5,A,
Dm_s4_(b6),S,,1,,S,S,,4,,5,A,
Dm_7_(b6),7,,1,,S,3,,S,,5,A,
Dm_9_(b6),7,,1,,T,3,,S,,5,A,
Dm_11_(b6),7,,1,,S,3,,T,,5,A,
Dm_Aeo,7,,1,,T,3,,T,,5,A,
Dm_7_s2_(b6),7,,1,,2,S,,S,,5,A,
Dm_11_s2_(b6),7,,1,,2,S,,T,,5,A,
Dm_7_s4_(b6),7,,1,,S,S,,4,,5,A,
Dm_9_s4_(b6),7,,1,,T,S,,4,,5,A,
Dhdim,7,,1,,S,3,,S,5,,S,
Dhdim_9,7,,1,,T,3,,S,5,,S,
Dm_6,A,,1,,S,3,,S,,5,,6
Dm_2_6,A,,1,,T,3,,S,,5,,6
Dm_6_s2,A,,1,,2,S,,S,,5,,6
Dm_6_s4,A,,1,,S,S,,4,,5,,6
Dm_(b9),S,,1,S,,3,,S,,5,,A
Dm_4_(b9),S,,1,S,,3,,4,,5,,A
Dm_s4_(b9),S,,1,S,,S,,4,,5,,A
Dm_aug_(b9),S,,1,S,,3,,S,,,L,A
Dm_7_(b9),7,,1,S,,3,,S,,5,,A
Dm_11_(b9),7,,1,S,,3,,T,,5,,A
Dm_7_s4_(b9),7,,1,S,,S,,4,,5,,A
Dm_7_aug_(b9),7,,1,S,,3,,S,,,L,A
Dm_11_aug_(b9),7,,1,S,,3,,T,,,L,A
Dhdim_(b9),7,,1,S,,3,,S,5,,S,
Dm_6_(b9),A,,1,S,,3,,S,,5,,6
Dm_dor,T,,1,,T,3,,T,,5,,A
Dm_(#4),S,,1,,S,3,,,A,5,,S
Dm_7_(#4),7,,1,,S,3,,,A,5,,S
Ddim,,,1,A,,3,,S,5,,S,7
D#dim,7,,,1,A,,3,S,,5,,S
Eb,S,,S,1,,S,,3,,S,5,
Eb_2,S,,S,1,,2,,3,,S,5,
Eb_#4,S,,S,1,,2,,3,,4,5,
Eb_6,6,,S,1,,S,,3,,S,5,
Eb_2_6,6,,S,1,,2,,3,,S,5,
Eb_s6,6,,S,1,,S,,3,,S,S,
Eb_s2,S,,S,1,,2,,A,,S,5,
Eb_6_s2,6,,S,1,,2,,A,,S,5,
Eb_6_s#4,6,,S,1,,S,,A,,4,5,
Eb_s#4,S,,S,1,,S,,A,,4,5,
Eb_aug,A,,S,1,,S,,3,,S,,L
Eb_M7,S,,7,1,,S,,3,,S,5,
Eb_M9,S,,7,1,,T,,3,,S,5,
Eb_M#11,S,,7,1,,S,,3,,T,5,
Eb_M13,T,,7,1,,S,,3,,S,5,
Eb_M9_#11,S,,7,1,,T,,3,,T,5,
Eb_M#11_13,T,,7,1,,S,,3,,T,5,
Eb_M7_s2,S,,7,1,,2,,A,,S,5,
Eb_M#11_s2,S,,7,1,,2,,A,,T,5,
Eb_M13_s2,T,,7,1,,2,,A,,S,5,
Eb_M7_s#4,S,,7,1,,S,,A,,4,5,
Eb_M9_s#4,S,,7,1,,T,,A,,4,5,
Eb_M13_s#4,T,,7,1,,S,,A,,4,5,
Eb_Gr,,L,A,1,,S,,3,,S,5,
Eb_Gr_9,,L,A,1,,T,,3,,S,5,
Eb_Gr_#11,,L,A,1,,S,,3,,T,5,
Eb_Gr_13,T,L,,1,,S,,3,,T,5,
Eb_It,,L,A,1,,S,,3,,S,S,
Eb_It_13,T,L,,1,,S,,3,,S,S,
Eb_Fr,,L,A,1,,S,,3,,5,S,
Eb_(4),S,,S,1,,S,,3,A,,5,
Eb_2_(4),S,,S,1,,2,,3,A,,5,
Eb_6_(4),6,,S,1,,S,,3,A,,5,
Eb_M7_(4),S,,7,1,,S,,3,A,,5,
Eb_M9_(4),S,,7,1,,T,,3,A,,5,
Eb_(7),S,S,,1,,S,,3,A,,5,
Eb_2_(7),S,S,,1,,2,,3,A,,5,
Eb_s4_(7),S,S,,1,,S,,A,4,,5,
Eb_v46_(7),6,S,,1,,S,,A,4,,S,
Eb_6_(7),6,S,,1,,S,,3,A,,5,
Eb_7,S,7,,1,,S,,3,A,,5,
Eb_9,S,7,,1,,T,,3,A,,5,
Eb_13,T,7,,1,,S,,3,A,,5,
Eb_Mix,T,7,,1,,T,,3,A,,5,
Eb_7_s4,S,7,,1,,S,,A,4,,5,
Eb_9_s4,S,7,,1,,T,,A,4,,5,
Eb_13_s4,T,7,,1,,S,,A,4,,5,
Eb_Mix_s4,T,7,,1,,T,,A,4,,5,
Eb_7_aug,A,7,,1,,S,,3,S,,,L
Eb_9_aug,A,7,,1,,T,,3,S,,,L
Eb_Pen,T,S,,1,,T,,3,A,,5,
Eb_Pen_s4,T,S,,1,,T,,A,4,,5,
Eb_Alt,7,,1,T,,T,3,,T,S,T,
Ebm,S,S,,1,,S,3,,S,,5,
Ebm_7,S,7,,1,,S,3,,S,,5,
E,S,,S,,1,S,,,3,A,,5
E_s2,S,,S,,1,,2,,3,A,,5
E_s4,S,,S,,1,S,,,A,4,,5
E_v4b6,6,,S,,1,S,,,A,4,,S
E_sb6,6,,S,,1,S,,,3,A,,S
E_b6,6,,S,,1,S,,,3,A,,5
E_7,S,,7,,1,S,,,3,A,,5
E_7_v4b6,6,,7,,1,S,,,A,4,,S
E_9,S,,7,,1,,T,,3,A,,5
E_b9,S,,7,,1,T,,,3,A,,5
E_#9,S,,7,,1,S,,T,3,A,,5
E_b9_#9,S,,7,,1,T,,T,3,A,,5
E_s4_(9),S,,7,,1,,T,,A,4,,5
E_#11,S,,7,,1,S,,,3,,T,5
E_13,,T,7,,1,S,,,3,A,,5
E_b13,T,,7,,1,S,,,3,A,,5
E_#9_b13,T,,7,,1,S,,T,3,,,5
E_Mix,,T,7,,1,,T,,3,A,,5
E_Hmp5,T,,7,,1,T,,,3,A,,5
E_Alt,T,,7,,1,T,,T,3,,T,S
E_L7,,T,7,,1,,T,,3,,T,5
E_CD,,T,7,,1,T,,T,3,,T,5
E_WT,T,,7,,1,,T,,3,,T,S
E_7_s4,S,,7,,1,S,,,A,4,,5
E_9_s4,S,,7,,1,,T,,A,4,,5
E_b9_s4,S,,7,,1,T,,,A,4,,5
E_#9_s4,S,,7,,1,S,,T,A,4,,5
E_b9_#9_s4,S,,7,,1,T,,T,A,4,,5
E_13_s4,,T,7,,1,S,,,A,4,,5
E_b13_s4,T,,7,,1,S,,,A,4,,5
E_Mix_s4,,T,7,,1,,T,,A,4,,5
E_Hmp5_s4 ,T,,7,,1,T,,,A,4,,5
E_7_aug,L,A,7,,1,,S,,3,A,,
E_9_aug,L,A,7,,1,,T,,3,A,,
E_(M7),,S,,S,1,,S,,3,A,,5
E_2_(M7),,S,,S,1,,2,,3,A,,5
E_2_b6_s4_(M7),6,,,S,1,,2,,A,4,,S
E_6_(M7),,6,,S,1,,S,,3,A,,5
E_2_6_(M7),,6,,S,1,,2,,3,A,,5
E_s2_(M7),,S,,S,1,,2,,A,S,,5
E_s4_(M7),,S,,S,1,,S,,A,4,,5
E_v46_(M7),,6,S,,1,,S,,A,4,,S
E_2_v46_(M7),,6,S,,1,,T,,A,4,,S
E_2_s4_(M7),,S,,S,1,,2,,A,4,,5
E_aug,L,A,S,,1,,S,,3,A,,
E_M7,,S,,7,1,,S,,3,A,,5
E_M9,,S,,7,1,,T,,3,A,,5
E_M#11,,S,,7,1,,S,,3,,T,5
E_M13,,T,,7,1,,S,,3,A,,5
E_Ion,,T,,7,1,,T,,3,A,,5
E_M7_s2,,S,,7,1,,2,,A,S,,5
E_M#11_s2,,S,,7,1,,2,,A,,T,5
E_M13_s2,,T,,7,1,,2,,A,S,,5
E_M7_s4,,S,,7,1,,S,,A,4,,5
E_M9_b6_s4,6,,,7,1,,T,,A,4,,S
E_M9_s4,,S,,7,1,,T,,A,4,,5
E_M13_s4,,T,,7,1,,S,,A,4,,5
E_M7_aug,L,A,,7,1,,S,,3,A,,
E_M9_aug,L,A,,7,1,,T,,3,A,,
Em,S,,S,,1,A,,3,,S,,5
Em_4,S,,S,,1,A,,3,,4,,5
Em_s4,S,,S,,1,A,,S,,4,,5
Em_7,S,,7,,1,A,,3,,S,,5
Em_9,A,,7,,1,,T,3,,S,,5
Em_11,S,,7,,1,A,,3,,T,,5
Em_b13,T,,7,,1,A,,3,,S,,5
Em_7_s4,S,,7,,1,A,,S,,4,,5
Em_(9),A,,S,,1,,S,3,,S,,5
Em_4_(9),A,,S,,1,,S,3,,4,,5
Em_s4_(9),A,,S,,1,,S,S,,4,,5
Em_7_(9),A,,7,,1,,S,3,,S,,5
Em_11_(9),A,,7,,1,,S,3,,T,,5
Em_b13_(9),A,,7,,1,,S,3,,S,,5
Em_7_s4_(9),A,,7,,1,,S,S,,4,,5
Em_(dor),,A,S,,1,,S,3,,S,,5
Em_2_(dor),,A,S,,1,,2,3,,S,,5
Em_4_(dor),,A,S,,1,,S,3,,4,,5
Em_s2_(dor),,A,S,,1,,2,S,,S,,5
Em_s4_(dor),,A,S,,1,,S,S,,4,,5
Em_2_s4_(dor),,A,S,,1,,T,S,,4,,5
Em_7_(dor),,A,7,,1,,S,3,,S,,5
Em_9_(dor),,A,7,,1,,T,3,,S,,5
Em_11_(dor),,A,7,,1,,S,3,,T,,5
Em_13_(dor),,T,7,,1,,S,3,,S,,5
Em_7_s2_(dor),,A,7,,1,,T,2,,S,,5
Em_11_s2_(dor),,A,7,,1,,T,2,,T,,5
Em_7_s4_(dor),,A,7,,1,,S,S,,4,,5
Em_9_s4_(dor),,A,7,,1,,T,S,,4,,5
Edim,S,7,,,1,S,,3,,S,5,
Ehdim,,A,7,,1,S,,3,,S,5,
F,5,,S,,S,1,,S,,3,,S
F_2,5,,S,,S,1,,2,,3,,S
F_#4,5,,S,,S,1,,2,,3,,4
F_6,5,,6,,S,1,,S,,3,,S
F_2_6,5,,6,,S,1,,2,,3,,S
F_s6,S,,6,,S,1,,S,,3,,S
F_s2,5,,S,,S,1,,2,,A,,S
F_6_s2,5,,6,,S,1,,2,,A,,S
F_6_s#4,5,,6,,S,1,,S,,A,,4
F_s#4,5,,S,,S,1,,S,,A,,4
F_aug,,L,A,,S,1,,S,,3,,S
F_M7,5,,S,,7,1,,S,,3,,S
F_M9,5,,S,,7,1,,T,,3,,S
F_M#11,5,,S,,7,1,,S,,3,,T
F_M13,5,,T,,7,1,,S,,3,,S
F_M9_#11,5,,S,,7,1,,T,,3,,T
F_M#11_13,5,,T,,7,1,,S,,3,,T
F_M7_s2,5,,S,,7,1,,2,,A,,S
F_M#11_s2,5,,S,,7,1,,2,,A,,T
F_M13_s2,5,,T,,7,1,,2,,A,,S
F_M7_s#4,5,,S,,7,1,,S,,A,,4
F_M9_s#4,5,,S,,7,1,,T,,A,,4
F_M13_s#4,5,,T,,7,1,,S,,A,,4
F_Pen,5,,T,,S,1,,T,,3,,S
F_M7_aug,,L,A,,7,1,,S,,3,,S
F_M9_aug,,L,A,,7,1,,T,,3,,S
F_M#11_aug,,L,A,,7,1,,S,,3,,T
F_(#2),5,,S,,S,1,,,A,3,,S
F_6_(#2),5,,6,,S,1,,,A,3,,S
F_aug_(#2),,L,A,,S,1,,,A,3,,S
F_M7_(#2),5,,S,,7,1,,,A,3,,S
F_M#11_(#2),5,,S,,7,1,,,A,3,,T
F_M13_(#2),5,,T,,7,1,,,A,3,,S
F_M7_aug_(#2),,L,A,,7,1,,,A,3,,S
F_M#11_aug_(#2),,L,A,,7,1,,,A,3,,T
F_(7),5,,S,S,,1,,S,,3,A,
F_(11),5,,S,,S,1,,S,,3,A,
F_2_(11),5,,S,,S,1,,2,,3,A,
F_6_(11),5,,6,,S,1,,S,,3,A,
F_s2_(11),5,,S,,S,1,,2,,A,S,
F_s4_(11),5,,S,,S,1,,S,,A,4,
F_2_s4_(11),5,,S,,S,1,,2,,A,4,
F_aug_(11),,L,A,,S,1,,S,,3,A,
F_M7_(11),5,,S,,7,1,,S,,3,A,
F_M9_(11),5,,S,,7,1,,T,,3,A,
F_M11,5,,S,,7,1,,S,,3,T,
F_M13_(11),5,,T,,7,1,,S,,3,A,
F_M7_s2_(11),5,,S,,7,1,,2,,A,S,
F_M11_s2,5,,S,,7,1,,2,,A,T,
F_M13_s2_(11),5,,T,,7,1,,2,,A,S,
F_M7_s4_(11),5,,S,,7,1,,S,,A,4,
F_M9_s4_(11),5,,S,,7,1,,T,,A,4,
F_M13_s4_(11),5,,T,,7,1,,S,,A,4,
F_M7_aug_(11),,L,A,,7,1,,S,,3,A,
F_M9_aug_(11),,L,A,,7,1,,T,,3,A,
F_7,5,,S,7,,1,,S,,3,A,
F_9,5,,S,7,,1,,T,,3,A,
F_b9,5,,S,7,,1,T,,,3,A,
F_#9,5,,S,7,,1,,S,T,3,A,
F_b9_#9,5,,S,7,,1,T,,T,3,A,
F_9_s4,5,,S,7,,1,,T,,A,4,
F_#11,5,,S,7,,1,,S,,3,,T
F_13,5,,T,7,,1,,S,,3,A,
F_13_b9,5,,T,7,,1,T,,,3,A,
F_b13,5,T,,7,,1,,S,,3,A,
F_Mix,5,,T,7,,1,,T,,3,A,
F_Hmp5,5,T,,7,,1,T,,,3,A,
F_Alt,S,T,,7,,1,T,,T,3,,T
F_L7,5,,T,7,,1,,T,,3,,T
F_CD,5,,T,7,,1,T,,T,3,,T
F_WT,S,T,,7,,1,,T,,3,,T
F_7_s4,5,,S,7,,1,,S,,A,4,
F_b9_s4,5,,S,7,,1,T,,,A,4,
F_#9_s4,5,,S,7,,1,,S,T,A,4,
F_b9_#9_s4,5,,S,7,,1,T,,T,A,4,
F_13_s4,5,,T,7,,1,,S,,A,4,
F_13_b9_s4,5,,T,7,,1,T,,,A,4,
F_b13_s4,5,T,,7,,1,,S,,A,4,
F_Mix_s4,5,,T,7,,1,,T,,A,4,
F_Hmp5_s4 ,5,T,,7,,1,T,,,A,4,
F_7_aug,,L,A,7,,1,,S,,3,A,
F_9_aug,,L,A,7,,1,,T,,3,A,
F_It,S,,,L,A,1,,S,,3,,S
F_Gr,5,,,L,A,1,,S,,3,,S
F_Gr_9,5,,,L,A,1,,T,,3,,S
F_Gr_#11,5,,,L,A,1,,S,,3,,T
F_Gr_13,5,,T,L,,1,,S,,3,,T
F_Fr,S,,,L,A,1,,S,,3,,5
Fm,5,,S,,S,1,,S,3,,,S
Fm_2,5,,S,,S,1,,2,3,,,S
Fm_6,5,,6,,S,1,,S,3,,,S
Fm_s2,5,,S,,S,1,,2,A,,,S
Fm_M7,5,,S,,7,1,,S,3,,,S
Fm_M9,5,,S,,7,1,,T,3,,,S
Fm_M#11,5,,S,,7,1,,S,3,,,T
Fm_M13,5,,T,,7,1,,S,3,,,S
Fm_M7_s2,5,,S,,7,1,,2,A,,,S
Fm_M#11_s2,5,,S,,7,1,,2,A,,,T
Fm_(11),5,,S,,S,1,,S,3,,S,
Fm_2_(11),5,,S,,S,1,,2,3,,S,
Fm_6_(11),5,,6,,S,1,,S,3,,S,
Fm_s2_(11),5,,S,,S,1,,2,A,,S,
Fm_M7_(11),5,,S,,7,1,,S,3,,S,
Fm_M9_(11),5,,S,,7,1,,T,3,,S,
Fm_M11,5,,S,,7,1,,S,3,,T,
Fm_M13_(11),5,,T,,7,1,,S,3,,S,
Fm_M7_s2_(11),5,,S,,7,1,,2,A,,S,
Fm_M11_s2,5,,S,,7,1,,2,A,,T,
Fm_(7),5,,A,S,,1,,S,3,,S,
Fm_7,5,,A,7,,1,,S,3,,S,
Fm_9,5,,A,7,,1,,T,3,,S,
Fm_11,5,,A,7,,1,,S,3,,T,
Fm_7_s2,5,,A,7,,1,,2,S,,S,
Fm_7_s4,5,,A,7,,1,,S,S,,4,
Fm_9_s4,5,,A,7,,1,,T,S,,4,
Fm_7_aug,,L,A,7,,1,,S,3,,S,
Fm_9_aug,,L,A,7,,1,,T,3,,S,
Fm_11_aug,,L,A,7,,1,,S,3,,T,
Fm_(b6),5,A,,S,,1,,S,3,,S,
Fm_2_(b6),5,A,,S,,1,,2,3,,S,
Fm_4_(b6),5,A,,S,,1,,S,3,,4,
Fm_s2_(b6),5,A,,S,,1,,2,S,,S,
Fm_2_s4_(b6),5,A,,S,,1,,2,S,,4,
Fm_s4_(b6),5,A,,S,,1,,S,S,,4,
Fm_7_(b6),5,A,,7,,1,,S,3,,S,
Fm_9_(b6),5,A,,7,,1,,T,3,,S,
Fm_11_(b6),5,A,,7,,1,,S,3,,T,
Fm_Aeo,5,A,,7,,1,,T,3,,T,
Fm_7_s2_(b6),5,A,,7,,1,,2,S,,S,
Fm_11_s2_(b6),5,A,,7,,1,,2,S,,T,
Fm_7_s4_(b6),5,A,,7,,1,,S,S,,4,
Fm_9_s4_(b6),5,A,,7,,1,,T,S,,4,
Fm_(uadr),5,,S,S,,1,,S,3,,,S
Fhdim,,S,,7,,1,,S,3,,S,5
F#,,5,S,,S,,1,S,,,3,A
F#m,,5,S,,S,,1,A,,3,,S
F#m_7,,5,S,,7,,1,A,,3,,S
F#m_(2),,5,,A,S,,1,,S,3,,S
F#m_2,,5,,A,S,,1,,2,3,,S
F#m_4_(2),,5,,A,S,,1,,S,3,,4
F#m_s2,,5,,A,S,,1,,2,S,,S
F#m_s4_(2),,5,,A,S,,1,,S,S,,4
F#m_2_s4,,5,,A,S,,1,,T,S,,4
F#m_aug_(2),,,L,A,S,,1,,S,3,,S
F#m_M7_(2),,5,,S,,7,1,,S,3,,S
F#m_7_(2),,5,,A,7,,1,,S,3,,S
F#m_9,,5,,A,7,,1,,T,3,,S
F#m_11_(2),,5,,A,7,,1,,S,3,,T
F#m_13_(2),,5,,T,7,,1,,S,3,,S
F#m_7_s2,,5,,A,7,,1,,T,2,,S
F#m_11_s2,,5,,A,7,,1,,T,2,,T
F#m_7_s4_(2),,5,,A,7,,1,,S,S,,4
F#m_9_s4,,5,,A,7,,1,,T,S,,4
F#m_7_aug_(2),,,L,A,7,,1,,S,3,,S
F#m_9_aug,,,L,A,7,,1,,T,3,,S
F#m_11_aug_(2),,,L,A,7,,1,,S,3,,T
F#hdim,5,,S,,7,,1,S,,3,,S
F#hdim_b9,5,,S,,7,,1,T,,3,,S
F#dim,5,,S,7,,,1,A,,3,,S
Gb_It,S,S,,,L,A,1,,S,,3,
Gb_Gr,S,5,,,L,A,1,,S,,3,
Gb_Gr_9,S,5,,,L,A,1,,T,,3,
Gb_Gr_#11,T,5,,,L,A,1,,S,,3,
Gb_Gr_13,T,5,,T,L,,1,,S,,3,
Gb_Fr,5,S,,,L,A,1,,S,,3,
G,A,,5,,S,S,,1,,S,,3
G_s2,S,,5,,S,S,,1,,2,,A
G_s4,4,,5,,S,S,,1,,S,,A
G_aug,A,,,L,A,S,,1,,S,,3
G_v46,4,,S,,6,S,,1,,S,,A
G_2,A,,5,,S,S,,1,,2,,3
G_4,4,,5,,S,S,,1,,S,,3
G_2_v46,4,,S,,6,S,,1,,2,,A
G_6,A,,5,,6,S,,1,,S,,3
G_6_s2,S,,5,,6,S,,1,,2,,A
G_6_s4,4,,5,,6,S,,1,,S,,A
G_2_s4,4,,5,,S,S,,1,,2,,A
G_7,A,,5,,S,7,,1,,S,,3
G_7_s2,S,,5,,S,7,,1,,2,,A
G_7_v46,4,,S,,6,7,,1,,S,,A
G_9,A,,5,,S,7,,1,,T,,3
G_b9,A,,5,,S,7,,1,T,,,3
G_b9_#11,,T,5,,S,7,,1,T,,,3
G_#9,A,,5,,S,7,,1,S,,T,3
G_b9_#9,A,,5,,S,7,,1,T,,T,3
G_#9_b13,A,,5,T,,7,,1,S,,T,3
G_9_s4,4,,5,,S,7,,1,,T,,A
G_#11,,T,5,,S,7,,1,,S,,3
G_7_b5,A,5,,,S,7,,1,,S,,3
G_13,A,,5,,T,7,,1,,S,,3
G_13_b9,A,,5,,T,7,,1,T,,,3
G_b13,A,,5,T,,7,,1,,S,,3
G_7_(hm),A,,5,S,,7,,1,,S,,3
G_Mix,A,,5,,T,7,,1,,T,,3
G_Mix_s4,4,,5,,T,7,,1,,T,,A
G_Pen,A,,5,,T,S,,1,,T,,3
G_Pen_s4,4,,5,,T,S,,1,,T,,A
G_Hmp5,A,,5,T,,7,,1,T,,,3
G_Alt,,T,S,T,,7,,1,T,,T,3
G_L7,,T,5,,T,7,,1,,T,,3
G_CD,,T,5,,T,7,,1,T,,T,3
G_WT,,T,S,T,,7,,1,,T,,3
G_7_s4,4,,5,,S,7,,1,,S,,A
G_b9_s4,4,,5,,S,7,,1,T,,,A
G_b9_#11_s4,4,T,5,,S,7,,1,T,,,A
G_#9_s4,4,,5,,S,7,,1,S,,T,A
G_b9_#9_s4,4,,5,,S,7,,1,T,,,A
G_13_s4,4,,5,,T,7,,1,,S,,A
G_13_b9_s4,4,,5,,T,7,,1,T,,,A
G_b13_s4,4,,5,T,,7,,1,,S,,A
G_Hmp5_s4 ,4,,5,T,,7,,1,T,,,A
G_7_aug,A,,,L,A,7,,1,,S,,3
G_9_aug,A,,,L,A,7,,1,,T,,3
G_(b9),A,,5,,S,S,,1,S,,,3
G_s4_(b9),4,,5,,S,S,,1,S,,,A
G_aug_(b9),A,,,L,A,S,,1,S,,,3
G_v46_(b9),4,,S,,6,S,,1,S,,,A
G_6_(b9),A,,5,,6,S,,1,S,,,3
G_7_(b9),A,,5,,S,7,,1,S,,,3
G_#11_(b9),,T,5,,S,7,,1,S,,,3
G_13_(b9),A,,5,,T,7,,1,S,,,3
G_b13_(b9),A,,5,T,,7,,1,S,,,3
G_7_s4_(b9),4,,5,,S,7,,1,S,,,A
G_13_s4_(b9),4,,5,,T,7,,1,S,,,A
G_b13_s4_(b9),4,,5,T,,7,,1,S,,,A
G_7_aug_(b9),A,,,L,A,7,,1,S,,,3
G_b9_aug,A,,,L,A,7,,1,T,,,3
G_(M7),A,,5,,S,,S,1,,S,,3
G_2_(M7),A,,5,,S,,S,1,,2,,3
G_2_b6_s4_(M7),4,,S,6,,,S,1,,2,,A
G_6_(M7),A,,5,,6,,S,1,,S,,3
G_s2_(M7),S,,5,,S,,S,1,,2,,A
G_s4_(M7),4,,5,,S,,S,1,,S,,A
G_v46_(M7),4,,S,,6,,S,1,,S,,A
G_2_s4_(M7),4,,5,,S,,S,1,,2,,A
G_aug_(M7),A,,,L,A,,S,1,,S,,3
G_M7,A,,5,,S,,7,1,,S,,3
G_M9,A,,5,,S,,7,1,,T,,3
G_M#11,,T,5,,S,,7,1,,S,,3
G_M13,A,,5,,T,,7,1,,S,,3
G_Ion,A,,5,,T,,7,1,,T,,3
G_M7_s2,S,,5,,S,,7,1,,2,,A
G_M#11_s2,,T,5,,S,,7,1,,2,,A
G_M13_s2,S,,5,,T,,7,1,,2,,A
G_M7_s4,4,,5,,S,,7,1,,S,,A
G_M9_s4,4,,5,,S,,7,1,,T,,A
G_M13_s4,4,,5,,T,,7,1,,S,,A
G_M7_aug,A,,,L,A,,7,1,,S,,3
G_M9_aug,A,,,L,A,,7,1,,T,,3
Gm,S,,5,,A,S,,1,,S,3,
Gm_6,S,,5,,6,S,,1,,S,3,
Gm_7,S,,5,,A,7,,1,,S,3,
Gm_9,S,,5,,A,7,,1,,T,3,
Gm_11,T,,5,,A,7,,1,,S,3,
Gm_13,S,,5,,T,7,,1,,S,3,
Gm_7_s2,S,,5,,A,7,,1,,2,S,
Gm_11_s2,T,,5,,A,7,,1,,2,S,
Gm_7_s4,4,,5,,A,7,,1,,S,S,
Gm_9_s4,4,,5,,A,7,,1,,T,S,
Gm_7_aug,S,,,L,A,7,,1,,S,3,
Gm_9_aug,S,,,L,A,7,,1,,T,3,
Gm_11_aug,T,,,L,A,7,,1,,S,3,
Gm_(b6),S,,5,A,,S,,1,,S,3,
Gm_2_(b6),S,,5,A,,S,,1,,2,3,
Gm_4_(b6),4,,5,A,,S,,1,,S,3,
Gm_s2_(b6),S,,5,A,,S,,1,,2,S,
Gm_2_s4_(b6),4,,5,A,,S,,1,,2,S,
Gm_s4_(b6),4,,5,A,,S,,1,,S,S,
Gm_7_(b6),S,,5,A,,7,,1,,S,3,
Gm_9_(b6),S,,5,A,,7,,1,,T,3,
Gm_11_(b6),T,,5,A,,7,,1,,S,3,
Gm_Aeo,T,,5,A,,7,,1,,T,3,
Gm_7_s2,S,,5,A,,7,,1,,2,S,
Gm_11_s2,T,,5,A,,7,,1,,2,S,
Gm_7_s4,4,,5,A,,7,,1,,S,S,
Gm_9_s4,4,,5,A,,7,,1,,T,S,
Ghdim,S,5,,S,,7,,1,A,,3,
Ghdim_s4,4,5,,S,,7,,1,A,,S,
Ghdim_(6),S,5,,,A,7,,1,S,,3,
Gm_b9_b5,S,5,,,A,7,,1,T,,3,
G#m,,S,,5,S,,S,,1,S,,3
G#m_7,,S,,5,S,,7,,1,S,,3
G#dim,S,,5,,S,7,,,1,A,,3
G#dim_M7,S,,5,,S,7,,T,1,A,,3
G#hdim,S,,5,,S,,7,,1,A,,3
Ab,3,,S,5,,S,,S,1,,S,
Ab_2,3,,S,5,,S,,S,1,,2,
Ab_6,3,,S,5,,6,,S,1,,S,
Ab_s2,A,,S,5,,S,,S,1,,2,
Ab_s#4,A,,4,5,,S,,S,1,,S,
Ab_aug,3,,S,,L,A,,S,1,,S,
Ab_M7,3,,S,5,,S,,7,1,,S,
Ab_M9,3,,S,5,,S,,7,1,,T,
Ab_M#11,3,,T,5,,S,,7,1,,S,
Ab_M13,3,,S,5,,T,,7,1,,S,
Ab_M7_s2,A,,S,5,,S,,7,1,,2,
Ab_M#11_s2,A,,T,5,,S,,7,1,,2,
Ab_M13_s2,A,,S,5,,T,,7,1,,2,
Ab_M7_s#4,A,,4,5,,S,,7,1,,S,
Ab_M9_s#4,A,,4,5,,S,,7,1,,T,
Ab_M13_s4,A,,4,5,,T,,7,1,,S,
Ab_M7_aug,3,,S,,L,A,,7,1,,S,
Ab_M9_aug,3,,S,,L,A,,7,1,,T,
Ab_M#11_aug,3,,T,,L,A,,7,1,,S,
Ab_(4),3,A,,5,,S,,S,1,,S,
Ab_2_(4),3,A,,5,,S,,S,1,,2,
Ab_2_b6_s4,A,4,,S,6,,,S,1,,2,
Ab_6_(4),3,A,,5,,6,,S,1,,S,
Ab_2_6_(4),3,A,,5,,6,,S,1,,2,
Ab_s2_(4),A,S,,5,,S,,S,1,,2,
Ab_s4_(4),A,4,,5,,S,,S,1,,S,
Ab_v46,A,4,,S,,6,S,,1,,S,
Ab_2_v46,A,4,,S,,6,S,,1,,T,
Ab_2_s4,A,4,,5,,S,,S,1,,2,
Ab_aug_(4),3,A,,,L,A,S,,1,,S,
Ab_M7_(4),3,A,,5,,S,,7,1,,S,
Ab_M9_(4),3,A,,5,,S,,7,1,,T,
Ab_M13_(4),3,A,,5,,T,,7,1,,S,
Ab_Ion,3,A,,5,,T,,7,1,,T,
Ab_M7_s2_(4),A,S,,5,,S,,7,1,,2,
Ab_M13_s2_(4),A,S,,5,,T,,7,1,,2,
Ab_M7_s4,A,4,,5,,S,,7,1,,S,
Ab_M9_b6_s4,A,4,,S,6,,,7,1,,T,
Ab_M9_s4,A,4,,5,,S,,7,1,,T,
Ab_M13_s4,A,4,,5,,T,,7,1,,S,
Ab_M7_aug_(4),3,A,,,L,A,,7,1,,S,
Ab_M9_aug_(4),3,A,,,L,A,,7,1,,T,
Ab_It,3,,S,S,,,L,A,1,,S,
Ab_Gr,3,,S,5,,,L,A,1,,S,
Ab_Gr_9,3,,S,5,,,L,A,1,,T,
Ab_Gr_#11,3,,T,5,,,L,A,1,,S,
Ab_Gr_13,3,,T,5,,T,L,,1,,S,
Ab_Fr,3,,5,S,,,L,A,1,,S,
A_(M7),,3,A,,5,,S,,S,1,,S
A_2_(M7),,3,A,,5,,S,,S,1,,2
A_2_b6_s4_(M7),,A,4,,S,6,,,S,1,,2
A_6_(M7),,3,A,,5,,6,,S,1,,S
A_2_6_(M7),,3,A,,5,,6,,S,1,,2
A_s2_(M7),,A,S,,5,,S,,S,1,,2
A_s4_(M7),,A,4,,5,,S,,S,1,,S
A_v46_(M7),,A,4,,S,,6,,S,1,,S
A_2_s4_(M7),,A,4,,5,,S,,S,1,,2
A_M7,,3,A,,5,,S,,7,1,,S
A_M9,,3,A,,5,,S,,7,1,,T
A_M13,,3,A,,5,,T,,7,1,,S
A_Ion,,3,A,,5,,T,,7,1,,T
A_M7_s2,,A,S,,5,,S,,7,1,,2
A_M13_s2,,A,S,,5,,T,,7,1,,2
A_M7_s4,,A,4,,5,,S,,7,1,,S
A_M9_b6_s4,,A,4,,S,6,,,7,1,,T
A_M9_s4,,A,4,,5,,S,,7,1,,T
A_M13_s4,,A,4,,5,,T,,7,1,,S
A_(hm),,3,A,,5,S,,S,,1,,S
A_2_(hm),,3,A,,5,S,,S,,1,,2
A_s2_(hm),,A,S,,A,S,,S,,1,,2
A_s4_(hm),,A,4,,5,S,,S,,1,,S
A_v4b6,,A,4,,S,6,,S,,1,,S
A_2_s4_(hm),,A,4,,5,S,,S,,1,,2
A,,3,A,,5,S,,S,,1,S,
A_b6,,3,A,,S,6,,7,,1,S,
A_7,,3,A,,5,S,,7,,1,S,
A_9,,3,A,,5,S,,7,,1,,T
A_2,,3,A,,5,S,,S,,1,,T
A_b9,,3,A,,5,S,,7,,1,T,
A_#9,T,3,A,,5,S,,7,,1,S,
A_b9_#9,T,3,A,,5,S,,7,,1,T,
A_#11,,3,,T,5,S,,7,,1,S,
A_13,,3,A,,5,,T,7,,1,S,
A_b13,,3,A,,5,T,,7,,1,S,
A_#9_b13,T,3,A,,5,T,,7,,1,S,
A_Mix,,3,A,,5,,T,7,,1,,T
A_Hmp5,,3,A,,5,T,,7,,1,T,
A_Alt,T,3,,T,S,T,,7,,1,T,
A_L7,,3,,T,5,,T,7,,1,,T
A_CD,T,3,,T,5,,T,7,,1,T,
A_WT,,3,,T,S,T,,7,,1,,T
A_s4,,A,4,,5,S,,S,,1,S,
A_7_s4,,A,4,,5,S,,7,,1,S,
A_9_s4,,A,4,,5,S,,7,,1,,T
A_b9_s4,,A,4,,5,S,,7,,1,T,
A_#9_s4,T,A,4,,5,S,,7,,1,S,
A_b9_#9_s4,T,A,4,,5,S,,7,,1,T,
A_13_s4,,A,4,,5,,T,7,,1,,S
A_b13_s4,,A,4,,5,T,,7,,1,,S
A_Mix_s4,,A,4,,5,,T,7,,1,,T
A_Hmp5_s4 ,,A,4,,5,T,,7,,1,T,
A_aug,,3,A,,,L,A,S,,1,,S
A_7_aug,,3,A,,,L,A,7,,1,,S
A_9_aug,,3,A,,,L,A,7,,1,,T
A_(9),,3,A,,5,S,,S,,1,,S
A_7_(9),,3,A,,5,S,,7,,1,,S
A_b9_(9),,3,A,,5,S,,7,,1,,T
A_#9_(9),T,3,A,,5,S,,7,,1,,S
A_#11_(9),,3,,T,5,S,,7,,1,,S
A_13_(9),,3,A,,5,,T,7,,1,,S
A_b13_(9),,3,A,,5,T,,7,,1,,S
A_s4_(9),,A,4,,5,S,,S,,1,,S
A_7_s4_(9),,A,4,,5,S,,7,,1,,S
A_b9_s4_(9),,A,4,,5,S,,7,,1,,T
A_#9_s4_(9),T,A,4,,5,S,,7,,1,,S
Am,3,,S,,5,A,,S,,1,,S
Am_2,3,,S,,5,A,,S,,1,,2
Am_4,3,,4,,5,A,,S,,1,,S
Am_6,3,,S,,5,,6,S,,1,,S
Am_s2,S,,S,,5,A,,S,,1,,2
Am_2_s4,S,,4,,5,A,,S,,1,,2
Am_s4,S,,4,,5,A,,S,,1,,S
Am_7,3,,S,,5,A,,7,,1,,S
Am_9,3,,S,,5,A,,7,,1,,T
Am_11,3,,T,,5,A,,7,,1,,S
Am_13,3,,S,,5,,T,7,,1,,S
Am_Aeo,3,,T,,5,A,,7,,1,,T
Am_7_s2,S,,S,,5,A,,7,,1,,2
Am_11_s2,S,,T,,5,A,,7,,1,,2
Am_7_s4,S,,4,,5,A,,7,,1,,S
Am_9_s4,S,,4,,5,A,,7,,1,,T
Am_(6),3,,S,,5,,S,S,,1,,S
Am_2_(6),3,,S,,5,,S,S,,1,,2
Am_4_(6),3,,4,,5,,S,S,,1,,S
Am_s2_(6),2,,S,,5,,S,S,,1,,T
Am_s4_(6),A,,4,,5,,S,S,,1,,S
Am_aug_(6),3,,S,,,L,A,S,,1,,S
Am_M7_(6),3,,S,,5,,S,,7,1,,S
Am_7_(6),3,,S,,5,,S,7,,1,,S
Am_9_(6),3,,S,,5,,S,7,,1,,T
Am_11_(6),3,,T,,5,,S,7,,1,,S
Am_13_(6),3,,T,,5,,T,7,,1,,S
Am_7_s2_(6),2,,S,,5,,S,7,,1,,T
Am_11_s2_(6),2,,T,,5,,S,7,,1,,T
Am_7_s4_(6),A,,4,,5,,S,7,,1,,S
Am_9_s4_(6),A,,4,,5,,S,7,,1,,T
Am_7_aug_(6),3,,S,,,L,A,7,,1,,S
Am_9_aug_(6),3,,S,,,L,A,7,,1,,T
Am_11_aug_(6),3,,T,,,L,A,7,,1,,S
Am_(M7),3,,S,,5,A,,,S,1,,S
Am_2_(M7),3,,S,,5,A,,,S,1,,2
Am_4_(M7),3,,4,,5,A,,,S,1,,S
Am_6_(M7),3,,S,,5,,6,,S,1,,S
Am_s2_(M7),S,,S,,5,A,,,S,1,,2
Am_2_s4_(M7),S,,4,,5,A,,,S,1,,2
Am_s4_(M7),S,,4,,5,A,,,S,1,,S
Am_M7,3,,S,,5,S,,,7,1,,S
Am_M9,3,,S,,5,S,,,7,1,,T
Am_M11,3,,T,,5,S,,,7,1,,S
Am_Mb13,3,,S,,5,T,,,7,1,,S
Am_M7_s2,A,,S,,5,S,,,7,1,,2
Am_M11_s2,A,,,T,5,S,,,7,1,,2
Am_Mb13_s2,A,,S,,5,T,,,7,1,,2
Am_M7_s4,A,,4,,5,S,,,7,1,,S
Am_M9_s4,A,,4,,5,S,,,7,1,,T
Am_Mb13_s4,A,,4,,5,T,,,7,1,,S
Am_(13),3,,S,,5,,A,S,,1,,S
Am_7_(13),3,,S,,5,,A,7,,1,,S
Am_9_(13),3,,S,,5,,A,7,,1,,T
Am_11_(13),3,,T,,5,,A,7,,1,,S
Am_7_s2_(13),S,,S,,5,,A,7,,1,,2
Am_11_s2_(13),S,,T,,5,,A,7,,1,,2
Am_7_s4_(13),S,,4,,5,,A,7,,1,,S
Am_9_s4_(13),S,,4,,5,,A,7,,1,,T
Am_7_aug_(13),3,,S,,,L,A,7,,1,,S
Am_9_aug_(13),3,,S,,,L,A,7,,1,,T
Am_11_aug_(13),3,,T,,,L,A,7,,1,,S
Am_(b9),3,,S,,5,S,,S,,1,A,
Ahdim,3,,S,5,,S,,7,,1,S,
Bb,S,,3,,S,5,,S,,S,1,
Bb_2,2,,3,,S,5,,S,,S,1,
Bb_6,S,,3,,S,5,,6,,S,1,
Bb_s2,2,,A,,S,5,,S,,S,1,
Bb_#s4,S,,A,,4,5,,S,,S,1,
Bb_aug,S,,3,,S,,L,A,,S,1,
Bb_M7,S,,3,,S,5,,S,,7,1,
Bb_M9,T,,3,,S,5,,S,,7,1,
Bb_M#11,S,,3,,T,5,,S,,7,1,
Bb_M13,S,,3,,S,5,,T,,7,1,
Bb_M7_s2,2,,S,,S,5,,S,,7,1,
Bb_M#11_s2,2,,S,,T,5,,S,,7,1,
Bb_M13_s2,2,,S,,S,5,,T,,7,1,
Bb_M7_aug,S,,3,,S,,L,A,,7,1,
Bb_M9_aug,T,,3,,S,,L,A,,7,1,
Bb_M#11_aug,S,,3,,T,,L,A,,7,1,
Bb_(4),S,,3,A,,5,,S,,S,1,
Bb_2_(4),2,,3,A,,5,,S,,S,1,
Bb_2_b6_s4,2,,A,4,,S,6,,,S,1,
Bb_6_(4),S,,3,A,,5,,6,,S,1,
Bb_2_6_(4),2,,3,A,,5,,6,,S,1,
Bb_s2_(4),2,,A,S,,5,,S,,S,1,
Bb_s4,S,,A,4,,5,,S,,S,1,
Bb_v46,S,,A,4,,S,,6,S,,1,
Bb_2_v46,T,,A,4,,S,,6,S,,1,
Bb_2_s4,2,,A,4,,5,,S,,S,1,
Bb_aug_(4),S,,3,A,,,L,A,S,,1,
Bb_M7_(4),S,,3,A,,5,,S,,7,1,
Bb_M9_(4),T,,3,A,,5,,S,,7,1,
Bb_M13_(4),S,,3,A,,5,,T,,7,1,
Bb_Ion,T,,3,A,,5,,T,,7,1,
Bb_M7_s2_(4),2,,A,S,,5,,S,,7,1,
Bb_M13_s2_(4),2,,A,S,,5,,T,,7,1,
Bb_M7_s4,S,,A,4,,5,,S,,7,1,
Bb_M9_b6_s4,T,,A,4,,S,6,,,7,1,
Bb_M9_s4,T,,A,4,,5,,S,,7,1,
Bb_M13_s4,S,,A,4,,5,,T,,7,1,
Bb_M7_aug_(4),S,,3,A,,,L,A,,7,1,
Bb_M9_aug_(4),T,,3,A,,,L,A,,7,1,
Bb_(7),S,,3,A,,5,,S,S,,1,
Bb_2_(7),2,,3,A,,5,,S,S,,1,
Bb_7,S,,3,A,,5,,S,7,,1,
Bb_9,T,,3,A,,5,,S,7,,1,
Bb_b9,,,3,A,,5,,S,7,,1,T
Bb_#9,,T,3,A,,5,,S,7,,1,S
Bb_b9_#9,,T,3,A,,5,,S,7,,1,T
Bb_7_s2,2,,A,S,,5,,S,7,,1,
Bb_9_s4,T,,A,4,,5,,S,7,,1,
Bb_#11,S,,3,,T,5,,S,7,,1,
Bb_13,S,,3,A,,5,,T,7,,1,
Bb_b13,S,,3,A,,5,T,,7,,1,
Bb_Mix,T,,3,A,,5,,T,7,,1,
Bb_Hmp5,,,3,A,,5,T,,7,,1,T
Bb_Alt,,T,3,,T,S,T,,7,,1,T
Bb_L7,T,,3,,T,5,,T,7,,1,
Bb_CD,,T,3,,T,5,,T,7,,1,T
Bb_WT,T,,3,,T,S,T,,7,,1,
Bb_#11_s2,2,,S,,T,5,,S,7,,1,
Bb_7_s4,S,,A,4,,5,,S,7,,1,
Bb_b9_s4,,,A,4,,5,,S,7,,1,T
Bb_#9_s4,,T,A,4,,5,,S,7,,1,S
Bb_b9_#9_s4,,T,A,4,,5,,S,7,,1,T
Bb_13_s4,S,,A,4,,5,,T,7,,1,
Bb_b13_s4,S,,A,4,,5,T,,7,,1,
Bb_Mix_s4,T,,A,4,,5,,T,7,,1,
Bb_Hmp5_s4 ,,,A,4,,5,T,,7,,1,T
Bb_7_aug,S,,3,A,,,L,A,7,,1,
Bb_9_aug,T,,3,A,,,L,A,7,,1,
Bb_(11),S,,3,A,,5,,S,,S,1,
Bb_2_(11),2,,3,A,,5,,S,,S,1,
Bb_2_b6_s4,2,,A,4,,S,6,,,S,1,
Bb_6_(11),S,,3,A,,5,,6,,S,1,
Bb_s2_(11),2,,A,S,,5,,S,,S,1,
Bb_s4,S,,A,4,,5,,S,,S,1,
Bb_v46,S,,A,4,,S,,6,,S,1,
Bb_2_s4,2,,A,4,,5,,S,,S,1,
Bb_aug_(11),S,,3,A,,,L,A,,S,1,
Bb_M7_(11),S,,3,A,,5,,S,,7,1,
Bb_M9_(11),T,,3,A,,5,,S,,7,1,
Bb_M11,S,,3,,T,5,,S,,7,1,
Bb_M13_(11),S,,3,A,,5,,T,,7,1,
Bb_Ion,T,,3,A,,5,,T,,7,1,
Bb_M7_s2_(11),2,,A,S,,5,,S,,7,1,
Bb_M11_s2,2,,A,,T,5,,S,,7,1,
Bb_M13_s2_(11),2,,A,S,,5,,T,,7,1,
Bb_M7_s4,S,,A,4,,5,,S,,7,1,
Bb_M9_s4,T,,A,4,,5,,S,,7,1,
Bb_M13_s4,S,,A,4,,5,,T,,7,1,
Bb_M7_aug_(11),S,,3,A,,,L,A,,7,1,
Bb_M9_aug_(11),T,,3,A,,,L,A,,7,1,
Bb_Gr,S,,3,,S,5,,,L,A,1,
Bb_Gr_9,T,,3,,S,5,,,L,A,1,
Bb_Gr_#11,S,,3,,T,5,,,L,A,1,
Bb_Gr_13,S,,3,,T,5,,T,L,,1,
Bb_Fr,S,,3,,5,S,,,L,A,1,
Bb_Fr_9,T,,3,,5,S,,,L,A,1,
Bb_Gr_s2,2,,S,,S,5,,,L,A,1,
Bbm,S,3,,S,,5,,A,S,,1,
Bbm_2,2,3,,S,,5,,A,S,,1,
Bbm_4,S,3,,4,,5,,A,S,,1,
Bbm_s2,2,S,,S,,5,,A,S,,1,
Bbm_s4,S,S,,4,,5,,A,S,,1,
Bbm_2_s4,T,S,,4,,5,,A,S,,1,
Bbm_aug,S,3,,S,,,L,A,S,,1,
Bbm_M7,S,3,,S,,5,,S,,7,1,
Bbm_7,S,3,,S,,5,,A,7,,1,
Bbm_9,T,3,,S,,5,,A,7,,1,
Bbm_11,S,3,,T,,5,,A,7,,1,
Bbm_13,S,3,,S,,5,,T,7,,1,
Bbm_7_s2,T,2,,S,,5,,A,7,,1,
Bbm_11_s2,T,2,,T,,5,,A,7,,1,
Bbm_7_s4,S,S,,4,,5,,A,7,,1,
Bbm_9_s4,T,S,,4,,5,,A,7,,1,
Bbm_7_aug,S,3,,S,,,L,A,7,,1,
Bbm_9_aug,T,3,,S,,,L,A,7,,1,
Bbm_11_aug,S,3,,T,,,L,A,7,,1,
B,S,,,3,A,,5,S,,S,,1
B_7,S,,,3,A,,5,S,,7,,1
B_9,,T,,3,A,,5,S,,7,,1
B_b9,T,,,3,A,,5,S,,7,,1
B_#9,S,,T,3,A,,5,S,,7,,1
B_b9_#9,T,,T,3,A,,5,S,,7,,1
B_#11,S,,,3,,T,5,S,,7,,1
B_13,S,,,3,A,,5,,T,7,,1
B_b13,S,,,3,A,,5,T,,7,,1
B_Mix,,T,,3,A,,5,,T,7,,1
B_Hmp5,T,,,3,A,,5,T,,7,,1
B_Alt,T,,T,3,,T,S,T,,7,,1
B_L7,,T,,3,,T,5,,T,7,,1
B_CD,T,,T,3,,T,5,,T,7,,1
B_WT,,T,,3,,T,S,T,,7,,1
B_7_s4,S,,,A,4,,5,S,,7,,1
B_9_s4,,T,,A,4,,5,S,,7,,1
B_b9_s4,T,,,A,4,,5,S,,7,,1
B_#9_s4,S,,T,A,4,,5,S,,7,,1
B_b9_#9_s4,T,,T,A,4,,5,S,,7,,1
B_13_s4,S,,,A,4,,5,,T,7,,1
B_b13_s4,S,,,A,4,,5,T,,7,,1
B_Mix_s4,,T,,A,4,,5,,T,7,,1
B_Hmp5_s4 ,T,,,A,4,,5,T,,7,,1
B_sb6,,S,,A,4,,S,6,,S,,1
B_7_aug,,S,,3,A,,,L,A,7,,1
B_9_aug,,T,,3,A,,,L,A,7,,1
Bhdim,A,,3,,S,5,,S,,7,,1
Bhdim_s4,A,,S,,4,5,,S,,7,,1
Bhdim_(6),S,,3,,S,5,,,A,7,,1
Bm_b9_b5,T,,3,,S,5,,,A,7,,1
Bdim,A,,3,S,,5,,S,7,,,1
Bm,,S,3,,S,,5,,A,S,,1
Bm_2,,2,3,,S,,5,,A,S,,1
Bm_4,,S,3,,4,,5,,A,S,,1
Bm_s2,,T,2,,S,,5,,A,S,,1
Bm_s4,,S,S,,4,,5,,A,S,,1
Bm_M7,,S,3,,S,,5,,S,,7,1
Bm_7,,S,3,,S,,5,,A,7,,1
Bm_9,,T,3,,S,,5,,A,7,,1
Bm_11,,S,3,,T,,5,,A,7,,1
Bm_13,,S,3,,T,,5,,T,7,,1
Bm_7_s2,,T,2,,S,,5,,A,7,,1
Bm_11_s2,,T,2,,T,,5,,A,7,,1
Bm_7_s4,,S,S,,4,,5,,A,7,,1
Bm_9_s4,,T,S,,4,,5,,A,7,,1
Bm_6,,S,3,,S,,5,,6,A,,1
Bm_dor,,T,3,,T,,5,,A,7,,1
